{
  "duration_sec_max": 0.678112,
  "ops_per_sec": 294936.5296588174,
  "ops_sum": 200000,
  "rows": 8
}
