{
  "duration_sec_max": 0.071072,
  "ops_per_sec": 1758.7798289058983,
  "ops_sum": 125,
  "rows": 8
}
