{
  "duration_sec_max": 0.319338,
  "ops_per_sec": 372.6459112288547,
  "ops_sum": 119,
  "rows": 8
}
