{
  "duration_sec_max": 0.594376,
  "ops_per_sec": 3364873.4134621853,
  "ops_sum": 2000000,
  "rows": 80
}
