{
  "duration_sec_max": 0.648391,
  "ops_per_sec": 3084558.5456923367,
  "ops_sum": 2000000,
  "rows": 80
}
